alias acooke Amy Cooke <Amyc@woolman.org> 
alias ahuang Andrew J Huang <ajh.idaho@gmail.com> 
alias bdelgado \"Delgado, Bruce\" <bdelgado@blm.gov>
alias bmcleary Elizabeth McCleary <beth@mcclearyranch.com> 
alias cadair Chris Adair <cadair4328@gmail.com>
alias dbise David Bise <dbise@foothill.com>
alias dpalermo Dominic Palermo <dpalermo@protonmail.com>
alias emcleary Elizabeth McCleary <beth@mcclearyranch.com> 
alias finman Frank Inman <iamfrankinman@gmail.com>
alias fwatson Fred Watson <fwatson@csumb.edu>
alias gmail John Inman <jfinmaniv@gmail.com> 
alias hpackard Harvey Packard <harvey.packard@waterboards.ca.gov>
alias icloud John Inman <jfinmaniv@icloud.com>
alias jlucio Joss Lucio <josslucio@gmail.com>
alias kinman karen inman <karenmarieinman@gmail.com>
alias mcoleman-hunt Marty Coleman-Hunt <marty@mchstrategies.com>
alias mwhitmarsh Megan Whitmarsh <meganwhitmarsh@gmail.com>
alias phammer Phil Hammer <phillip.hammer@waterboards.ca.gov>
alias pwahl Philip Wahl <philwahl@pdx.edu>
alias rinman Ross Inman <lion4judah@gmail.com>
alias spinman Spencer Inman <19ski89@gmail.com>
alias sschwartz Sandra Schwartz <stschwartz574@gmail.com> 
alias styrrell Sarah Tyrrell <sarahtyrrell@alumnae.mills.edu> 
alias sworcester Suzanne Worcester <sworcester@csumb.edu>
alias zneider Zachary Neider <anselm777@gmail.com>

alias cpfea-board acooke,bmcleary,mwhitmarsh,sschwartz,styrrell,dshoemaker,gmail
alias dshoemaker Dan Shoemaker <dancshoemaker@gmail.com>
alias jdyer \"Dyer, Julia\" <Julia.Dyer@waterboards.ca.gov>
alias mlovettadair Melissa Lovett-Adair <mlovettadair@gmail.com>
alias boxley Brylie Oxley <brylie.oxley@maas.global>
alias chart Chris Hart <chart@blm.gov>
